{"cameraMode":{"drawMode":0,"name":"Shaded","section":"Shading Mode"},"sceneLighting":true,"audioPlay":false,"sceneViewState":{"showFog":false,"showMaterialUpdate":false,"showSkybox":false,"showFlares":false,"showImageEffects":false,"showParticleSystems":false},"in2DMode":false,"pivot":{"x":1.1719224452972413,"y":2.666257858276367,"z":6.289375305175781},"rotation":{"x":-0.19031667709350587,"y":-0.34627947211265566,"z":0.0719619020819664,"w":-0.9158011078834534},"size":3.9566144943237306,"orthographic":true}